Workbook

Sheet Oranlar
A1: Maç | G1: theScore (Kanada) — kapanış | I1: DraftKings (ESPN) — açılış | O1: DraftKings (ESPN) — kapanış | Y1: Hesaplanan (formül)
A2: Tarih | B2: Maç ID (NBA) | C2: Deplasman | D2: Ev sahibi | E2: Deplasman sayı | F2: Ev sahibi sayı | G2: theScore kapanış handikap (ev) | H2: theScore kapanış alt/üst | I2: DK açılış handikap (ev) | J2: DK açılış ML ev (ondalık) | K2: DK açılış ML deplasman (ondalık) | L2: DK açılış alt/üst | M2: DK açılış üst fiyatı (ondalık) | N2: DK açılış alt fiyatı (ondalık) | O2: DK kapanış handikap (ev) | P2: DK kapanış handikap fiyatı ev (ondalık) | Q2: DK kapanış handikap fiyatı deplasman (ondalık) | R2: DK kapanış ML ev (ondalık) | S2: DK kapanış ML deplasman (ondalık) | T2: DK kapanış ML ev (Amerikan) | U2: DK kapanış ML deplasman (Amerikan) | V2: DK kapanış alt/üst | W2: DK kapanış üst fiyatı (ondalık) | X2: DK kapanış alt fiyatı (ondalık) | Y2: Ev kazanma olasılığı, kapanış (marjsız) | Z2: Ev kazanma olasılığı, açılış (marjsız) | AA2: DK marjı, kapanış ML | AB2: DK handikap hareketi (kapanış − açılış) | AC2: Handikap farkı: theScore − DK kapanış | AD2: Alt/üst farkı: theScore − DK kapanış | AE2: Ev sahibi kazandı (1/0) | AF2: Toplam sayı | AG2: Kapanış favorisi kazandı (1/0; oranlar eşitse boş) | AH2: Açılış favorisi kazandı (1/0; oranlar eşitse boş) | AI2: Kapanış alt/üst sonucu
A3: 46085 | B3: 0022500895 | C3: UTA | D3: PHI | E3: 102 | F3: 106 | G3: -7.5 | H3: 237.5 | I3: -9.5 | J3: 1.2352941 | K3: 4.3 | L3: 241.5 | M3: 1.9090909 | N3: 1.9090909 | O3: -7.5 | P3: 1.9803922 | Q3: 1.8474576 | R3: 1.3076923 | S3: 3.6 | T3: -325 | U3: +260 | V3: 238.5 | W3: 1.952381 | X3: 1.8695652 | Y3: =(1/R3)/((1/R3)+(1/S3)) -> 0.73354232 | Z3: =(1/J3)/((1/J3)+(1/K3)) -> 0.77683316 | AA3: =1/R3+1/S3-1 -> 0.04248366 | AB3: =O3-I3 -> 2 | AC3: =IF(G3="","",G3-O3) -> 0 | AD3: =H3-V3 -> -1 | AE3: =IF(F3>E3,1,0) -> 1 | AF3: =F3+E3 -> 208 | AG3: =IF(Y3=0.5,"",IF((Y3>0.5)=(AE3=1),1,0)) -> 1 | AH3: =IF(Z3=0.5,"",IF((Z3>0.5)=(AE3=1),1,0)) -> 1 | AI3: =IF(AF3>V3,"Üst",IF(AF3<V3,"Alt","Push")) -> Alt
A4: 46085 | B4: 0022500896 | C4: POR | D4: MEM | E4: 122 | F4: 114 | G4: 9.5 | H4: 231.5 | I4: 7.5 | J4: 3.2 | K4: 1.3703704 | L4: 236.5 | M4: 1.9090909 | N4: 1.9090909 | O4: 9.5 | P4: 1.9259259 | Q4: 1.8928571 | R4: 4.1 | S4: 1.2531646 | T4: +310 | U4: -395 | V4: 231.5 | W4: 1.9259259 | X4: 1.8928571 | Y4: =(1/R4)/((1/R4)+(1/S4)) -> 0.2340979 | Z4: =(1/J4)/((1/J4)+(1/K4)) -> 0.29983793 | AA4: =1/R4+1/S4-1 -> 0.041882237 | AB4: =O4-I4 -> 2 | AC4: =IF(G4="","",G4-O4) -> 0 | AD4: =H4-V4 -> 0 | AE4: =IF(F4>E4,1,0) -> 0 | AF4: =F4+E4 -> 236 | AG4: =IF(Y4=0.5,"",IF((Y4>0.5)=(AE4=1),1,0)) -> 1 | AH4: =IF(Z4=0.5,"",IF((Z4>0.5)=(AE4=1),1,0)) -> 1 | AI4: =IF(AF4>V4,"Üst",IF(AF4<V4,"Alt","Push")) -> Üst
A5: 46085 | B5: 0022500897 | C5: ATL | D5: MIL | E5: 131 | F5: 113 | G5: -1.5 | H5: 232.5 | I5: -1.5 | J5: 1.9090909 | K5: 1.9090909 | L5: 230.5 | M5: 1.9090909 | N5: 1.9090909 | O5: -1.5 | P5: 1.9803922 | Q5: 1.8474576 | R5: 1.8695652 | S5: 1.952381 | T5: -115 | U5: -105 | V5: 232.5 | W5: 1.9090909 | X5: 1.9090909 | Y5: =(1/R5)/((1/R5)+(1/S5)) -> 0.51083424 | Z5: =(1/J5)/((1/J5)+(1/K5)) -> 0.5 | AA5: =1/R5+1/S5-1 -> 0.047078843 | AB5: =O5-I5 -> 0 | AC5: =IF(G5="","",G5-O5) -> 0 | AD5: =H5-V5 -> 0 | AE5: =IF(F5>E5,1,0) -> 0 | AF5: =F5+E5 -> 244 | AG5: =IF(Y5=0.5,"",IF((Y5>0.5)=(AE5=1),1,0)) -> 0 | AH5: =IF(Z5=0.5,"",IF((Z5>0.5)=(AE5=1),1,0)) | AI5: =IF(AF5>V5,"Üst",IF(AF5<V5,"Alt","Push")) -> Üst
A6: 46085 | B6: 0022500898 | C6: IND | D6: LAC | E6: 107 | F6: 130 | G6: -11.5 | H6: 230.5 | I6: -12.5 | J6: 1.1428571 | K6: 6 | L6: 224.5 | M6: 1.9090909 | N6: 1.9090909 | O6: -11.5 | P6: 1.9090909 | Q6: 1.9090909 | R6: 1.1538462 | S6: 5.7 | T6: -650 | U6: +470 | V6: 230.5 | W6: 1.9259259 | X6: 1.8928571 | Y6: =(1/R6)/((1/R6)+(1/S6)) -> 0.83164983 | Z6: =(1/J6)/((1/J6)+(1/K6)) -> 0.84 | AA6: =1/R6+1/S6-1 -> 0.042105263 | AB6: =O6-I6 -> 1 | AC6: =IF(G6="","",G6-O6) -> 0 | AD6: =H6-V6 -> 0 | AE6: =IF(F6>E6,1,0) -> 1 | AF6: =F6+E6 -> 237 | AG6: =IF(Y6=0.5,"",IF((Y6>0.5)=(AE6=1),1,0)) -> 1 | AH6: =IF(Z6=0.5,"",IF((Z6>0.5)=(AE6=1),1,0)) -> 1 | AI6: =IF(AF6>V6,"Üst",IF(AF6<V6,"Alt","Push")) -> Üst
A7: 46086 | B7: 0022500899 | C7: DAL | D7: ORL | E7: 114 | F7: 115 | G7: -7.5 | H7: 230.5 | I7: -8.5 | J7: 1.2816901 | K7: 3.8 | L7: 227.5 | M7: 1.8695652 | N7: 1.952381 | O7: -7.5 | P7: 1.8333333 | Q7: 2 | R7: 1.3076923 | S7: 3.6 | T7: -325 | U7: +260 | V7: 230.5 | W7: 1.9259259 | X7: 1.8928571 | Y7: =(1/R7)/((1/R7)+(1/S7)) -> 0.73354232 | Z7: =(1/J7)/((1/J7)+(1/K7)) -> 0.74778271 | AA7: =1/R7+1/S7-1 -> 0.04248366 | AB7: =O7-I7 -> 1 | AC7: =IF(G7="","",G7-O7) -> 0 | AD7: =H7-V7 -> 0 | AE7: =IF(F7>E7,1,0) -> 1 | AF7: =F7+E7 -> 229 | AG7: =IF(Y7=0.5,"",IF((Y7>0.5)=(AE7=1),1,0)) -> 1 | AH7: =IF(Z7=0.5,"",IF((Z7>0.5)=(AE7=1),1,0)) -> 1 | AI7: =IF(AF7>V7,"Üst",IF(AF7<V7,"Alt","Push")) -> Alt
A8: 46086 | B8: 0022500900 | C8: UTA | D8: WAS | E8: 122 | F8: 112 | G8: -3.5 | H8: 240.5 | I8: -2.5 | J8: 1.7042254 | K8: 2.2 | L8: 242.5 | M8: 1.9090909 | N8: 1.9090909 | O8: -3.5 | P8: 1.8695652 | Q8: 1.952381 | R8: 1.6024096 | S8: 2.4 | T8: -166 | U8: +140 | V8: 240.5 | W8: 1.9090909 | X8: 1.9090909 | Y8: =(1/R8)/((1/R8)+(1/S8)) -> 0.59963877 | Z8: =(1/J8)/((1/J8)+(1/K8)) -> 0.56349206 | AA8: =1/R8+1/S8-1 -> 0.040726817 | AB8: =O8-I8 -> -1 | AC8: =IF(G8="","",G8-O8) -> 0 | AD8: =H8-V8 -> 0 | AE8: =IF(F8>E8,1,0) -> 0 | AF8: =F8+E8 -> 234 | AG8: =IF(Y8=0.5,"",IF((Y8>0.5)=(AE8=1),1,0)) -> 0 | AH8: =IF(Z8=0.5,"",IF((Z8>0.5)=(AE8=1),1,0)) -> 0 | AI8: =IF(AF8>V8,"Üst",IF(AF8<V8,"Alt","Push")) -> Alt
A9: 46086 | B9: 0022500901 | C9: BKN | D9: MIA | E9: 110 | F9: 126 | G9: -12.5 | H9: 224.5 | I9: -13.5 | J9: 1.125 | K9: 6.5 | L9: 225.5 | M9: 1.9090909 | N9: 1.9090909 | O9: -12.5 | P9: 1.8928571 | Q9: 1.9259259 | R9: 1.125 | S9: 6.5 | T9: -800 | U9: +550 | V9: 225.5 | W9: 1.9090909 | X9: 1.9090909 | Y9: =(1/R9)/((1/R9)+(1/S9)) -> 0.85245902 | Z9: =(1/J9)/((1/J9)+(1/K9)) -> 0.85245902 | AA9: =1/R9+1/S9-1 -> 0.042735043 | AB9: =O9-I9 -> 1 | AC9: =IF(G9="","",G9-O9) -> 0 | AD9: =H9-V9 -> -1 | AE9: =IF(F9>E9,1,0) -> 1 | AF9: =F9+E9 -> 236 | AG9: =IF(Y9=0.5,"",IF((Y9>0.5)=(AE9=1),1,0)) -> 1 | AH9: =IF(Z9=0.5,"",IF((Z9>0.5)=(AE9=1),1,0)) -> 1 | AI9: =IF(AF9>V9,"Üst",IF(AF9<V9,"Alt","Push")) -> Üst
A10: 46086 | B10: 0022500902 | C10: GSW | D10: HOU | E10: 115 | F10: 113 | G10: -9.5 | H10: 214.5 | I10: -8.5 | J10: 1.3076923 | K10: 3.6 | L10: 214.5 | M10: 1.9090909 | N10: 1.9090909 | O10: -9.5 | P10: 1.8928571 | Q10: 1.9259259 | R10: 1.2531646 | S10: 4.1 | T10: -395 | U10: +310 | V10: 214.5 | W10: 1.9090909 | X10: 1.9090909 | Y10: =(1/R10)/((1/R10)+(1/S10)) -> 0.7659021 | Z10: =(1/J10)/((1/J10)+(1/K10)) -> 0.73354232 | AA10: =1/R10+1/S10-1 -> 0.041882237 | AB10: =O10-I10 -> -1 | AC10: =IF(G10="","",G10-O10) -> 0 | AD10: =H10-V10 -> 0 | AE10: =IF(F10>E10,1,0) -> 0 | AF10: =F10+E10 -> 228 | AG10: =IF(Y10=0.5,"",IF((Y10>0.5)=(AE10=1),1,0)) -> 0 | AH10: =IF(Z10=0.5,"",IF((Z10>0.5)=(AE10=1),1,0)) -> 0 | AI10: =IF(AF10>V10,"Üst",IF(AF10<V10,"Alt","Push")) -> Üst
A11: 46086 | B11: 0022500903 | C11: TOR | D11: MIN | E11: 107 | F11: 115 | G11: -5.5 | H11: 226.5 | I11: -6.5 | J11: 1.4201681 | K11: 2.95 | L11: 228.5 | M11: 1.9090909 | N11: 1.9090909 | O11: -4.5 | P11: 1.8474576 | Q11: 1.9803922 | R11: 1.4587156 | S11: 2.8 | T11: -218 | U11: +180 | V11: 226.5 | W11: 1.9259259 | X11: 1.8928571 | Y11: =(1/R11)/((1/R11)+(1/S11)) -> 0.65747523 | Z11: =(1/J11)/((1/J11)+(1/K11)) -> 0.67503125 | AA11: =1/R11+1/S11-1 -> 0.042677448 | AB11: =O11-I11 -> 2 | AC11: =IF(G11="","",G11-O11) -> -1 | AD11: =H11-V11 -> 0 | AE11: =IF(F11>E11,1,0) -> 1 | AF11: =F11+E11 -> 222 | AG11: =IF(Y11=0.5,"",IF((Y11>0.5)=(AE11=1),1,0)) -> 1 | AH11: =IF(Z11=0.5,"",IF((Z11>0.5)=(AE11=1),1,0)) -> 1 | AI11: =IF(AF11>V11,"Üst",IF(AF11<V11,"Alt","Push")) -> Alt
A12: 46086 | B12: 0022500904 | C12: DET | D12: SAS | E12: 106 | F12: 121 | G12: -2.5 | H12: 227.5 | I12: -2.5 | J12: 1.6756757 | K12: 2.24 | L12: 227.5 | M12: 1.9090909 | N12: 1.9090909 | O12: -2.5 | P12: 1.8695652 | Q12: 1.952381 | R12: 1.6756757 | S12: 2.24 | T12: -148 | U12: +124 | V12: 227.5 | W12: 1.9090909 | X12: 1.9090909 | Y12: =(1/R12)/((1/R12)+(1/S12)) -> 0.57205964 | Z12: =(1/J12)/((1/J12)+(1/K12)) -> 0.57205964 | AA12: =1/R12+1/S12-1 -> 0.043202765 | AB12: =O12-I12 -> 0 | AC12: =IF(G12="","",G12-O12) -> 0 | AD12: =H12-V12 -> 0 | AE12: =IF(F12>E12,1,0) -> 1 | AF12: =F12+E12 -> 227 | AG12: =IF(Y12=0.5,"",IF((Y12>0.5)=(AE12=1),1,0)) -> 1 | AH12: =IF(Z12=0.5,"",IF((Z12>0.5)=(AE12=1),1,0)) -> 1 | AI12: =IF(AF12>V12,"Üst",IF(AF12<V12,"Alt","Push")) -> Alt
A13: 46086 | B13: 0022500905 | C13: CHI | D13: PHX | E13: 105 | F13: 103 | G13: -11.5 | H13: 225.5 | I13: -10.5 | J13: 1.212766 | K13: 4.6 | L13: 225.5 | M13: 1.9090909 | N13: 1.9090909 | O13: -10.5 | P13: 1.8474576 | Q13: 1.9803922 | R13: 1.1666667 | S13: 5.4 | T13: -600 | U13: +440 | V13: 224.5 | W13: 1.8695652 | X13: 1.952381 | Y13: =(1/R13)/((1/R13)+(1/S13)) -> 0.82233503 | Z13: =(1/J13)/((1/J13)+(1/K13)) -> 0.79136164 | AA13: =1/R13+1/S13-1 -> 0.042328042 | AB13: =O13-I13 -> 0 | AC13: =IF(G13="","",G13-O13) -> -1 | AD13: =H13-V13 -> 1 | AE13: =IF(F13>E13,1,0) -> 0 | AF13: =F13+E13 -> 208 | AG13: =IF(Y13=0.5,"",IF((Y13>0.5)=(AE13=1),1,0)) -> 0 | AH13: =IF(Z13=0.5,"",IF((Z13>0.5)=(AE13=1),1,0)) -> 0 | AI13: =IF(AF13>V13,"Üst",IF(AF13<V13,"Alt","Push")) -> Alt
A14: 46086 | B14: 0022500906 | C14: LAL | D14: DEN | E14: 113 | F14: 120 | G14: -3.5 | H14: 240.5 | I14: -4.5 | J14: 1.5555556 | K14: 2.5 | L14: 238.5 | M14: 1.952381 | N14: 1.8695652 | O14: -3.5 | P14: 1.8695652 | Q14: 1.952381 | R14: 1.5882353 | S14: 2.42 | T14: -170 | U14: +142 | V14: 240.5 | W14: 1.9259259 | X14: 1.8928571 | Y14: =(1/R14)/((1/R14)+(1/S14)) -> 0.60375697 | Z14: =(1/J14)/((1/J14)+(1/K14)) -> 0.61643836 | AA14: =1/R14+1/S14-1 -> 0.04285277 | AB14: =O14-I14 -> 1 | AC14: =IF(G14="","",G14-O14) -> 0 | AD14: =H14-V14 -> 0 | AE14: =IF(F14>E14,1,0) -> 1 | AF14: =F14+E14 -> 233 | AG14: =IF(Y14=0.5,"",IF((Y14>0.5)=(AE14=1),1,0)) -> 1 | AH14: =IF(Z14=0.5,"",IF((Z14>0.5)=(AE14=1),1,0)) -> 1 | AI14: =IF(AF14>V14,"Üst",IF(AF14<V14,"Alt","Push")) -> Alt
... A138: 46102 | B138: 0022501029 | C138: LAC | D138: DAL | E138: 138 | F138: 131 | G138: 7.5 | H138: 233.5 | I138: 7.5 | J138: 3.35 | K138: 1.3448276 | L138: 232.5 | M138: 1.9090909 | N138: 1.9090909 | O138: 7.5 | P138: 1.8333333 | Q138: 2 | R138: 3.2 | S138: 1.3703704 | T138: +220 | U138: -270 | V138: 233.5 | W138: 1.952381 | X138: 1.8695652 | Y138: =(1/R138)/((1/R138)+(1/S138)) -> 0.29983793 | Z138: =(1/J138)/((1/J138)+(1/K138)) -> 0.28644877 | AA138: =1/R138+1/S138-1 -> 0.04222973 | AB138: =O138-I138 -> 0 | AC138: =IF(G138="","",G138-O138) -> 0 | AD138: =H138-V138 -> 0 | AE138: =IF(F138>E138,1,0) -> 0 | AF138: =F138+E138 -> 269 | AG138: =IF(Y138=0.5,"",IF((Y138>0.5)=(AE138=1),1,0)) -> 1 | AH138: =IF(Z138=0.5,"",IF((Z138>0.5)=(AE138=1),1,0)) -> 1 | AI138: =IF(AF138>V138,"Üst",IF(AF138<V138,"Alt","Push")) -> Üst
A139: 46102 | B139: 0022501030 | C139: PHI | D139: UTA | E139: 126 | F139: 116 | H139: 229.5 | I139: 6.5 | J139: 3.2 | K139: 1.3703704 | L139: 233.5 | M139: 1.9090909 | N139: 1.9090909 | O139: 5.5 | P139: 1.9259259 | Q139: 1.8928571 | R139: 2.85 | S139: 1.4444444 | T139: +185 | U139: -225 | V139: 228.5 | W139: 1.9259259 | X139: 1.8928571 | Y139: =(1/R139)/((1/R139)+(1/S139)) -> 0.33635188 | Z139: =(1/J139)/((1/J139)+(1/K139)) -> 0.29983793 | AA139: =1/R139+1/S139-1 -> 0.043184885 | AB139: =O139-I139 -> -1 | AC139: =IF(G139="","",G139-O139) | AD139: =H139-V139 -> 1 | AE139: =IF(F139>E139,1,0) -> 0 | AF139: =F139+E139 -> 242 | AG139: =IF(Y139=0.5,"",IF((Y139>0.5)=(AE139=1),1,0)) -> 1 | AH139: =IF(Z139=0.5,"",IF((Z139>0.5)=(AE139=1),1,0)) -> 1 | AI139: =IF(AF139>V139,"Üst",IF(AF139<V139,"Alt","Push")) -> Üst
A140: 46102 | B140: 0022501031 | C140: MIL | D140: PHX | E140: 108 | F140: 105 | G140: -11.5 | H140: 218.5 | I140: -10.5 | J140: 1.2061856 | K140: 4.7 | L140: 219.5 | M140: 1.9090909 | N140: 1.9090909 | O140: -11.5 | P140: 1.952381 | Q140: 1.8695652 | R140: 1.1666667 | S140: 5.4 | T140: -600 | U140: +440 | V140: 218.5 | W140: 1.952381 | X140: 1.8695652 | Y140: =(1/R140)/((1/R140)+(1/S140)) -> 0.82233503 | Z140: =(1/J140)/((1/J140)+(1/K140)) -> 0.79577588 | AA140: =1/R140+1/S140-1 -> 0.042328042 | AB140: =O140-I140 -> -1 | AC140: =IF(G140="","",G140-O140) -> 0 | AD140: =H140-V140 -> 0 | AE140: =IF(F140>E140,1,0) -> 0 | AF140: =F140+E140 -> 213 | AG140: =IF(Y140=0.5,"",IF((Y140>0.5)=(AE140=1),1,0)) -> 0 | AH140: =IF(Z140=0.5,"",IF((Z140>0.5)=(AE140=1),1,0)) -> 0 | AI140: =IF(AF140>V140,"Üst",IF(AF140<V140,"Alt","Push")) -> Alt
A141: 46103 | B141: 0022501032 | C141: POR | D141: DEN | E141: 112 | F141: 128 | G141: -8.5 | H141: 236.5 | I141: -8.5 | J141: 1.2777778 | K141: 3.85 | L141: 240.5 | M141: 1.952381 | N141: 1.8695652 | O141: -8.5 | P141: 2 | Q141: 1.8333333 | R141: 1.2941176 | S141: 3.7 | T141: -340 | U141: +270 | V141: 237.5 | W141: 1.8695652 | X141: 1.952381 | Y141: =(1/R141)/((1/R141)+(1/S141)) -> 0.74087161 | Z141: =(1/J141)/((1/J141)+(1/K141)) -> 0.75081257 | AA141: =1/R141+1/S141-1 -> 0.042997543 | AB141: =O141-I141 -> 0 | AC141: =IF(G141="","",G141-O141) -> 0 | AD141: =H141-V141 -> -1 | AE141: =IF(F141>E141,1,0) -> 1 | AF141: =F141+E141 -> 240 | AG141: =IF(Y141=0.5,"",IF((Y141>0.5)=(AE141=1),1,0)) -> 1 | AH141: =IF(Z141=0.5,"",IF((Z141>0.5)=(AE141=1),1,0)) -> 1 | AI141: =IF(AF141>V141,"Üst",IF(AF141<V141,"Alt","Push")) -> Üst
A142: 46103 | B142: 0022501033 | C142: BKN | D142: SAC | E142: 122 | F142: 126 | G142: -6.5 | H142: 218.5 | I142: -4.5 | J142: 1.5405405 | K142: 2.54 | L142: 218.5 | M142: 1.9090909 | N142: 1.9090909 | O142: -6.5 | P142: 1.8474576 | Q142: 1.9803922 | R142: 1.4 | S142: 3.05 | T142: -250 | U142: +205 | V142: 218.5 | W142: 1.8695652 | X142: 1.952381 | Y142: =(1/R142)/((1/R142)+(1/S142)) -> 0.68539326 | Z142: =(1/J142)/((1/J142)+(1/K142)) -> 0.62246655 | AA142: =1/R142+1/S142-1 -> 0.042154567 | AB142: =O142-I142 -> -2 | AC142: =IF(G142="","",G142-O142) -> 0 | AD142: =H142-V142 -> 0 | AE142: =IF(F142>E142,1,0) -> 1 | AF142: =F142+E142 -> 248 | AG142: =IF(Y142=0.5,"",IF((Y142>0.5)=(AE142=1),1,0)) -> 1 | AH142: =IF(Z142=0.5,"",IF((Z142>0.5)=(AE142=1),1,0)) -> 1 | AI142: =IF(AF142>V142,"Üst",IF(AF142<V142,"Alt","Push")) -> Üst
A143: 46103 | B143: 0022501034 | C143: WAS | D143: NYK | E143: 113 | F143: 145 | G143: -22.5 | H143: 229.5 | I143: -18.5 | J143: 1.047619 | K143: 12 | L143: 227.5 | M143: 1.9090909 | N143: 1.9090909 | O143: -22.5 | P143: 1.9259259 | Q143: 1.8928571 | R143: 1.0277778 | S143: 16 | T143: -3600 | U143: +1500 | V143: 229.5 | W143: 1.952381 | X143: 1.8695652 | Y143: =(1/R143)/((1/R143)+(1/S143)) -> 0.93964111 | Z143: =(1/J143)/((1/J143)+(1/K143)) -> 0.91970803 | AA143: =1/R143+1/S143-1 -> 0.035472973 | AB143: =O143-I143 -> -4 | AC143: =IF(G143="","",G143-O143) -> 0 | AD143: =H143-V143 -> 0 | AE143: =IF(F143>E143,1,0) -> 1 | AF143: =F143+E143 -> 258 | AG143: =IF(Y143=0.5,"",IF((Y143>0.5)=(AE143=1),1,0)) -> 1 | AH143: =IF(Z143=0.5,"",IF((Z143>0.5)=(AE143=1),1,0)) -> 1 | AI143: =IF(AF143>V143,"Üst",IF(AF143<V143,"Alt","Push")) -> Üst
A144: 46103 | B144: 0022501035 | C144: MIN | D144: BOS | E144: 102 | F144: 92 | G144: -10.5 | H144: 221.5 | I144: -9.5 | J144: 1.2631579 | K144: 4 | L144: 219.5 | M144: 1.9090909 | N144: 1.9090909 | O144: -10.5 | P144: 1.9090909 | Q144: 1.9090909 | R144: 1.2272727 | S144: 4.4 | T144: -440 | U144: +340 | V144: 222.5 | W144: 1.952381 | X144: 1.8695652 | Y144: =(1/R144)/((1/R144)+(1/S144)) -> 0.7819063 | Z144: =(1/J144)/((1/J144)+(1/K144)) -> 0.76 | AA144: =1/R144+1/S144-1 -> 0.042087542 | AB144: =O144-I144 -> -1 | AC144: =IF(G144="","",G144-O144) -> 0 | AD144: =H144-V144 -> -1 | AE144: =IF(F144>E144,1,0) -> 0 | AF144: =F144+E144 -> 194 | AG144: =IF(Y144=0.5,"",IF((Y144>0.5)=(AE144=1),1,0)) -> 0 | AH144: =IF(Z144=0.5,"",IF((Z144>0.5)=(AE144=1),1,0)) -> 0 | AI144: =IF(AF144>V144,"Üst",IF(AF144<V144,"Alt","Push")) -> Alt
A145: 46103 | B145: 0022501036 | C145: TOR | D145: PHX | E145: 98 | F145: 120 | G145: 4.5 | H145: 219.5 | I145: 1.5 | J145: 1.952381 | K145: 1.8695652 | L145: 220.5 | M145: 1.9090909 | N145: 1.9090909 | O145: 4.5 | P145: 1.9090909 | Q145: 1.9090909 | R145: 2.5 | S145: 1.5555556 | T145: +150 | U145: -180 | V145: 219.5 | W145: 1.9259259 | X145: 1.8928571 | Y145: =(1/R145)/((1/R145)+(1/S145)) -> 0.38356164 | Z145: =(1/J145)/((1/J145)+(1/K145)) -> 0.48916576 | AA145: =1/R145+1/S145-1 -> 0.042857143 | AB145: =O145-I145 -> 3 | AC145: =IF(G145="","",G145-O145) -> 0 | AD145: =H145-V145 -> 0 | AE145: =IF(F145>E145,1,0) -> 1 | AF145: =F145+E145 -> 218 | AG145: =IF(Y145=0.5,"",IF((Y145>0.5)=(AE145=1),1,0)) -> 0 | AH145: =IF(Z145=0.5,"",IF((Z145>0.5)=(AE145=1),1,0)) -> 0 | AI145: =IF(AF145>V145,"Üst",IF(AF145<V145,"Alt","Push")) -> Alt
A146: 46104 | B146: 0022501037 | C146: MEM | D146: ATL | E146: 107 | F146: 146 | G146: -13.5 | H146: 239.5 | I146: -12.5 | J146: 1.1428571 | K146: 6 | L146: 240.5 | M146: 1.9090909 | N146: 1.9090909 | O146: -13.5 | P146: 1.9090909 | Q146: 1.9090909 | R146: 1.1111111 | S146: 7 | T146: -900 | U146: +600 | V146: 238.5 | W146: 1.8928571 | X146: 1.9259259 | Y146: =(1/R146)/((1/R146)+(1/S146)) -> 0.8630137 | Z146: =(1/J146)/((1/J146)+(1/K146)) -> 0.84 | AA146: =1/R146+1/S146-1 -> 0.042857143 | AB146: =O146-I146 -> -1 | AC146: =IF(G146="","",G146-O146) -> 0 | AD146: =H146-V146 -> 1 | AE146: =IF(F146>E146,1,0) -> 1 | AF146: =F146+E146 -> 253 | AG146: =IF(Y146=0.5,"",IF((Y146>0.5)=(AE146=1),1,0)) -> 1 | AH146: =IF(Z146=0.5,"",IF((Z146>0.5)=(AE146=1),1,0)) -> 1 | AI146: =IF(AF146>V146,"Üst",IF(AF146<V146,"Alt","Push")) -> Üst
A147: 46104 | B147: 0022501038 | C147: LAL | D147: DET | E147: 110 | F147: 113 | G147: 1.5 | H147: 224.5 | I147: 1.5 | J147: 2.05 | K147: 1.8 | L147: 228.5 | M147: 1.952381 | N147: 1.8695652 | O147: 1.5 | P147: 1.9259259 | Q147: 1.8928571 | R147: 2.05 | S147: 1.8 | T147: +105 | U147: -125 | V147: 224.5 | W147: 1.8695652 | X147: 1.952381 | Y147: =(1/R147)/((1/R147)+(1/S147)) -> 0.46753247 | Z147: =(1/J147)/((1/J147)+(1/K147)) -> 0.46753247 | AA147: =1/R147+1/S147-1 -> 0.043360434 | AB147: =O147-I147 -> 0 | AC147: =IF(G147="","",G147-O147) -> 0 | AD147: =H147-V147 -> 0 | AE147: =IF(F147>E147,1,0) -> 1 | AF147: =F147+E147 -> 223 | AG147: =IF(Y147=0.5,"",IF((Y147>0.5)=(AE147=1),1,0)) -> 0 | AH147: =IF(Z147=0.5,"",IF((Z147>0.5)=(AE147=1),1,0)) -> 0 | AI147: =IF(AF147>V147,"Üst",IF(AF147<V147,"Alt","Push")) -> Alt
A148: 46104 | B148: 0022501039 | C148: IND | D148: ORL | E148: 128 | F148: 126 | G148: -10.5 | H148: 233.5 | I148: -12.5 | J148: 1.1428571 | K148: 6 | L148: 232.5 | M148: 1.9090909 | N148: 1.9090909 | O148: -10.5 | P148: 1.9090909 | Q148: 1.9090909 | R148: 1.1869159 | S148: 5 | T148: -535 | U148: +400 | V148: 233.5 | W148: 1.9259259 | X148: 1.8928571 | Y148: =(1/R148)/((1/R148)+(1/S148)) -> 0.8081571 | Z148: =(1/J148)/((1/J148)+(1/K148)) -> 0.84 | AA148: =1/R148+1/S148-1 -> 0.042519685 | AB148: =O148-I148 -> 2 | AC148: =IF(G148="","",G148-O148) -> 0 | AD148: =H148-V148 -> 0 | AE148: =IF(F148>E148,1,0) -> 0 | AF148: =F148+E148 -> 254 | AG148: =IF(Y148=0.5,"",IF((Y148>0.5)=(AE148=1),1,0)) -> 0 | AH148: =IF(Z148=0.5,"",IF((Z148>0.5)=(AE148=1),1,0)) -> 0 | AI148: =IF(AF148>V148,"Üst",IF(AF148<V148,"Alt","Push")) -> Üst
A149: 46104 | B149: 0022501040 | C149: OKC | D149: PHI | E149: 123 | F149: 103 | G149: 16.5 | H149: 225.5 | I149: 13.5 | J149: 7 | K149: 1.1111111 | L149: 222.5 | M149: 1.9090909 | N149: 1.9090909 | O149: 16.5 | P149: 1.8474576 | Q149: 1.9803922 | R149: 8.5 | S149: 1.0833333 | T149: +750 | U149: -1200 | V149: 226.5 | W149: 1.8928571 | X149: 1.9259259 | Y149: =(1/R149)/((1/R149)+(1/S149)) -> 0.11304348 | Z149: =(1/J149)/((1/J149)+(1/K149)) -> 0.1369863 | AA149: =1/R149+1/S149-1 -> 0.040723982 | AB149: =O149-I149 -> 3 | AC149: =IF(G149="","",G149-O149) -> 0 | AD149: =H149-V149 -> -1 | AE149: =IF(F149>E149,1,0) -> 0 | AF149: =F149+E149 -> 226 | AG149: =IF(Y149=0.5,"",IF((Y149>0.5)=(AE149=1),1,0)) -> 1 | AH149: =IF(Z149=0.5,"",IF((Z149>0.5)=(AE149=1),1,0)) -> 1 | AI149: =IF(AF149>V149,"Üst",IF(AF149<V149,"Alt","Push")) -> Alt
A150: 46104 | B150: 0022501041 | C150: SAS | D150: MIA | E150: 136 | F150: 111 | G150: 3.5 | H150: 244.5 | I150: 5.5 | J150: 2.85 | K150: 1.4444444 | L150: 240.5 | M150: 1.8695652 | N150: 1.952381 | O150: 3.5 | P150: 1.8474576 | Q150: 1.9803922 | R150: 2.3 | S150: 1.6451613 | T150: +130 | U150: -155 | V150: 244.5 | W150: 1.9259259 | X150: 1.8928571 | Y150: =(1/R150)/((1/R150)+(1/S150)) -> 0.41700736 | Z150: =(1/J150)/((1/J150)+(1/K150)) -> 0.33635188 | AA150: =1/R150+1/S150-1 -> 0.042625746 | AB150: =O150-I150 -> -2 | AC150: =IF(G150="","",G150-O150) -> 0 | AD150: =H150-V150 -> 0 | AE150: =IF(F150>E150,1,0) -> 0 | AF150: =F150+E150 -> 247 | AG150: =IF(Y150=0.5,"",IF((Y150>0.5)=(AE150=1),1,0)) -> 1 | AH150: =IF(Z150=0.5,"",IF((Z150>0.5)=(AE150=1),1,0)) -> 1 | AI150: =IF(AF150>V150,"Üst",IF(AF150<V150,"Alt","Push")) -> Üst
A151: 46104 | B151: 0022501042 | C151: HOU | D151: CHI | E151: 124 | F151: 132 | G151: 9.5 | H151: 232.5 | I151: 8.5 | J151: 3.75 | K151: 1.2898551 | L151: 227.5 | M151: 1.9090909 | N151: 1.9090909 | O151: 8.5 | P151: 1.9803922 | Q151: 1.8474576 | R151: 3.95 | S151: 1.2666667 | T151: +295 | U151: -375 | V151: 233.5 | W151: 1.9090909 | X151: 1.9090909 | Y151: =(1/R151)/((1/R151)+(1/S151)) -> 0.2428115 | Z151: =(1/J151)/((1/J151)+(1/K151)) -> 0.25593098 | AA151: =1/R151+1/S151-1 -> 0.042638241 | AB151: =O151-I151 -> 0 | AC151: =IF(G151="","",G151-O151) -> 1 | AD151: =H151-V151 -> -1 | AE151: =IF(F151>E151,1,0) -> 1 | AF151: =F151+E151 -> 256 | AG151: =IF(Y151=0.5,"",IF((Y151>0.5)=(AE151=1),1,0)) -> 0 | AH151: =IF(Z151=0.5,"",IF((Z151>0.5)=(AE151=1),1,0)) -> 0 | AI151: =IF(AF151>V151,"Üst",IF(AF151<V151,"Alt","Push")) -> Üst
... A310: 46124 | B310: 0022501200 | C310: SAC | D310: POR | E310: 110 | F310: 122 | G310: -19.5 | H310: 226.5 | I310: -16.5 | J310: 1.0689655 | K310: 9.5 | L310: 228.5 | M310: 1.9090909 | N310: 1.9090909 | O310: -18.5 | P310: 1.9090909 | Q310: 1.9090909 | R310: 1.0416667 | S310: 13 | T310: -2400 | U310: +1200 | V310: 226.5 | W310: 1.9259259 | X310: 1.8928571 | Y310: =(1/R310)/((1/R310)+(1/S310)) -> 0.92581602 | Z310: =(1/J310)/((1/J310)+(1/K310)) -> 0.89885808 | AA310: =1/R310+1/S310-1 -> 0.036923077 | AB310: =O310-I310 -> -2 | AC310: =IF(G310="","",G310-O310) -> -1 | AD310: =H310-V310 -> 0 | AE310: =IF(F310>E310,1,0) -> 1 | AF310: =F310+E310 -> 232 | AG310: =IF(Y310=0.5,"",IF((Y310>0.5)=(AE310=1),1,0)) -> 1 | AH310: =IF(Z310=0.5,"",IF((Z310>0.5)=(AE310=1),1,0)) -> 1 | AI310: =IF(AF310>V310,"Üst",IF(AF310<V310,"Alt","Push")) -> Üst

Sheet Özet
A1: Özet — 308 held-out maç (2026-03-04 → 2026-04-12)
A3: Maç sayısı | B3: =COUNTA(Oranlar!B3:B310) -> 308
A4: theScore kapanış handikabı olan maç | B4: =COUNT(Oranlar!G3:G310) -> 307
A5: Kapanış handikabı iki kaynakta birebir aynı | B5: =COUNTIF(Oranlar!AC3:AC310,0)/COUNT(Oranlar!AC3:AC310) -> 0.82736156
A6: Kapanış handikabı farkı ±1 sayı içinde | B6: =COUNTIFS(Oranlar!AC3:AC310,">=-1",Oranlar!AC3:AC310,"<=1")/COUNT(Oranlar!AC3:AC310) -> 0.99674267
A7: Kapanış alt/üst çizgisi iki kaynakta birebir aynı | B7: =COUNTIF(Oranlar!AD3:AD310,0)/COUNT(Oranlar!AD3:AD310) -> 0.65909091
A8: Kapanış alt/üst farkı ±1 sayı içinde | B8: =COUNTIFS(Oranlar!AD3:AD310,">=-1",Oranlar!AD3:AD310,"<=1")/COUNT(Oranlar!AD3:AD310) -> 0.99350649
A9: DraftKings kapanış moneyline marjı — ortalama | B9: =AVERAGE(Oranlar!AA3:AA310) -> 0.041952161
A10: DraftKings kapanış moneyline marjı — medyan | B10: =MEDIAN(Oranlar!AA3:AA310) -> 0.04222973
A11: Kapanış favorisinin kazanma oranı (oranlar eşit olan maçlar hariç) | B11: =AVERAGE(Oranlar!AG3:AG310) -> 0.77597403
A12: Açılış favorisinin kazanma oranı (oranlar eşit olan maçlar hariç) | B12: =AVERAGE(Oranlar!AH3:AH310) -> 0.77152318
A13: Açılışta iki tarafın oranı eşit olan maç | B13: =COUNTIF(Oranlar!Z3:Z310,0.5) -> 6
A14: Ev sahibinin kazanma oranı | B14: =AVERAGE(Oranlar!AE3:AE310) -> 0.61363636
A15: Kapanış alt/üst çizgisinde 'Üst' biten maç oranı | B15: =COUNTIF(Oranlar!AI3:AI310,"Üst")/COUNTA(Oranlar!AI3:AI310) -> 0.53571429
A16: Ortalama mutlak handikap hareketi (açılış → kapanış, sayı) | B16: =SUMPRODUCT(ABS(Oranlar!AB3:AB310))/COUNT(Oranlar!AB3:AB310) -> 1.5876623
A18: Değerler 'Oranlar' sayfasındaki formül kolonlarından hesaplanır.

Sheet Kaynaklar ve notlar
A1: Kaynaklar ve notlar
A3: Çekim tarihi | B3: 2026-09-13
A4: Maç seçimi | B4: Dashboard'un held-out kümesi: 2025-26 sezonunun kronolojik son %25'i (308 maç, 2026-03-04 → 2026-04-12). Model bu maçları eğitimde görmedi.
A5: Kaynak 1 — theScore | B5: Kanadalı spor medyası (Score Media and Gaming, Toronto). api.thescore.com/nba/events uç noktası. Maç başına kapanış handikabı ve alt/üst çizgisi; fiyat ve moneyline yok; veride bahis şirketinin adı geçmiyor.
B6: Eksik: PHI @ UTA (2026-03-21) maçında kaynağın handikap alanı boş, yalnızca alt/üst (229.5) var.
A7: Kaynak 2 — DraftKings (ESPN) | B7: sports.core.api.espn.com/v2/sports/basketball/leagues/nba/events/{id}/competitions/{id}/odds. ESPN maç sayfasını besleyen DraftKings çizgileri: açılış ve kapanış handikap, moneyline, alt/üst ve fiyatları. ABD hattıdır; DraftKings Ontario'da da lisanslıdır, Ontario fiyatları küçük farklar gösterebilir.
A8: Oran formatı | B8: Ondalık (Kanada'da standart): 1 birim yatırıldığında toplam dönüş. Ondalıklar Amerikan fiyattan tam hesaplandı, ESPN'in iki haneye yuvarlanmış ondalıkları kullanılmadı. Kapanış moneyline'ı için Amerikan değerler de verildi.
A9: Handikap işareti | B9: Ev sahibi bakış açısı: eksi = ev sahibi favori (ör. −5.5), artı = ev sahibi underdog.
A10: Marjsız olasılık | B10: Orantılı yöntem: (1/ev oranı) / (1/ev oranı + 1/deplasman oranı). Marj = iki tarafın 1/oran toplamı − 1.
A11: Renk kodu | B11: Mavi yazı = kaynaktan çekilen ham değer. Siyah yazı = formül (hücreler düzeltilirse yeniden hesaplanır).
A12: Erişilemeyen kaynaklar | B12: Bu ağın DNS'i şu siteleri engelleme sayfasına yönlendiriyor (erişim denenmedi/aşılmadı): Pinnacle, Sports Interaction, SportsLine, OddsPortal, BetExplorer, Covers, OddsShark, Action Network, SportsbookReview, RotoWire.
B13: Otomatik istekleri reddedenler (403): VegasInsider, ScoresAndOdds, BettingPros API. Bot korumaları aşılmadı.
B14: Veri yok: Yahoo'nun oran uç noktası kaldırılmış; SportsbookReviewsOnline arşivi 2022-23'te bitiyor; Kaggle'daki BetMGM veri seti 2026-02-12'de bitiyor (bu maçları kapsamıyor); CBS ve FOX geçmiş maç oranı tutmuyor.
A15: Ücretli seçenekler | B15: The Odds API — tarihsel oranlar, Pinnacle ve bet365 dahil çok sayıda şirket (API anahtarı ve ücretli plan gerekir): https://the-odds-api.com/
B16: BigDataBall — 2025-26 dahil tarihsel oran veri setleri (ücretli): https://www.bigdataball.com/datasets/nba-data/

Sheet Model vs Piyasa
A1: Mavi = model tahmini (held-out maçlara bakmadan eğitilmiş modeller), yeşil = 'Oranlar' sayfasına bağlı piyasa değeri, siyah = formül.
A2: Tarih | B2: Maç | C2: Ev sahibi sayı | D2: Deplasman sayı | E2: Gerçek fark (ev − dep) | F2: Gerçek toplam | G2: Model ev kazanma olasılığı (blend, temiz model) | H2: Model fark — regresyon | I2: Model fark — simülasyon | J2: Simülasyon %80 fark alt sınırı | K2: Simülasyon %80 fark üst sınırı | L2: Model toplam — regresyon | M2: Model toplam — simülasyon | N2: Simülasyon %80 toplam alt sınırı | O2: Simülasyon %80 toplam üst sınırı | P2: Model ev skoru — regresyon | Q2: Model deplasman skoru — regresyon | R2: Piyasa ev olasılığı — kapanış (marjsız) | S2: Piyasa fark — kapanış | T2: Piyasa fark — açılış | U2: Piyasa toplam — kapanış | V2: Piyasa toplam — açılış | W2: Piyasa ev skoru (toplam ve farktan) | X2: Piyasa deplasman skoru (toplam ve farktan) | Y2: Kazanan isabeti — model | Z2: Kazanan isabeti — piyasa kapanış | AA2: Brier — model | AB2: Brier — piyasa kapanış | AC2: Fark hatası — model regresyon | AD2: Fark hatası — model simülasyon | AE2: Fark hatası — piyasa kapanış | AF2: Toplam hatası — model regresyon | AG2: Toplam hatası — model simülasyon | AH2: Toplam hatası — piyasa kapanış | AI2: Ev skoru hatası — model | AJ2: Ev skoru hatası — piyasa | AK2: Deplasman skoru hatası — model | AL2: Deplasman skoru hatası — piyasa | AM2: Handikap tarafı — model (regresyon) | AN2: Handikap sonucu | AO2: Handikap kârı (1 birim, kapanış fiyatı) | AP2: Alt/üst tarafı — model (regresyon) | AQ2: Alt/üst sonucu | AR2: Alt/üst kârı (1 birim, kapanış fiyatı) | AS2: Moneyline değer tarafı — model × kapanış oranı > 1 | AT2: Moneyline değer kârı (1 birim) | AU2: Handikap açılış→kapanış modelin yönüne kaydı | AV2: Toplam açılış→kapanış modelin yönüne kaydı | AW2: %80 fark aralığı gerçeği kapsadı | AX2: %80 toplam aralığı gerçeği kapsadı
A3: =Oranlar!A3 -> 46085 | B3: =Oranlar!C3&" @ "&Oranlar!D3 -> UTA @ PHI | C3: =Oranlar!F3 -> 106 | D3: =Oranlar!E3 -> 102 | E3: =C3-D3 -> 4 | F3: =C3+D3 -> 208 | G3: 0.62 | H3: 6.23 | I3: 2.9 | J3: -15 | K3: 22 | L3: 231.76 | M3: 232.3 | N3: 205 | O3: 260 | P3: 117.1 | Q3: 116.78 | R3: =Oranlar!Y3 -> 0.73354232 | S3: =-Oranlar!O3 -> 7.5 | T3: =-Oranlar!I3 -> 9.5 | U3: =Oranlar!V3 -> 238.5 | V3: =Oranlar!L3 -> 241.5 | W3: =(U3+S3)/2 -> 123 | X3: =(U3-S3)/2 -> 115.5 | Y3: =IF(G3=0.5,"",IF((G3>0.5)=(E3>0),1,0)) -> 1 | Z3: =IF(R3=0.5,"",IF((R3>0.5)=(E3>0),1,0)) -> 1 | AA3: =(G3-IF(E3>0,1,0))^2 -> 0.1444 | AB3: =(R3-IF(E3>0,1,0))^2 -> 0.070999695 | AC3: =ABS(H3-E3) -> 2.23 | AD3: =ABS(I3-E3) -> 1.1 | AE3: =ABS(S3-E3) -> 3.5 | AF3: =ABS(L3-F3) -> 23.76 | AG3: =ABS(M3-F3) -> 24.3 | AH3: =ABS(U3-F3) -> 30.5 | AI3: =ABS(P3-C3) -> 11.1 | AJ3: =ABS(W3-C3) -> 17 | AK3: =ABS(Q3-D3) -> 14.78 | AL3: =ABS(X3-D3) -> 13.5 | AM3: =IF(H3>S3,"Ev",IF(H3<S3,"Dep","")) -> Dep | AN3: =IF(AM3="","",IF(E3=S3,"Push",IF((E3>S3)=(AM3="Ev"),"Kazandı","Kaybetti"))) -> Kazandı | AO3: =IF(AM3="","",IF(AN3="Push",0,IF(AN3="Kazandı",IF(AM3="Ev",Oranlar!P3,Oranlar!Q3)-1,-1))) -> 0.84745763 | AP3: =IF(L3>U3,"Üst",IF(L3<U3,"Alt","")) -> Alt | AQ3: =IF(AP3="","",IF(F3=U3,"Push",IF((F3>U3)=(AP3="Üst"),"Kazandı","Kaybetti"))) -> Kazandı | AR3: =IF(AP3="","",IF(AQ3="Push",0,IF(AQ3="Kazandı",IF(AP3="Üst",Oranlar!W3,Oranlar!X3)-1,-1))) -> 0.86956522 | AS3: =IF(G3*Oranlar!R3>1,"Ev",IF((1-G3)*Oranlar!S3>1,"Dep","")) -> Dep | AT3: =IF(AS3="","",IF((AS3="Ev")=(E3>0),IF(AS3="Ev",Oranlar!R3,Oranlar!S3)-1,-1)) -> -1 | AU3: =IF(OR(H3=T3,S3=T3),"",IF((H3>T3)=(S3>T3),1,0)) -> 1 | AV3: =IF(OR(L3=V3,U3=V3),"",IF((L3>V3)=(U3>V3),1,0)) -> 1 | AW3: =IF(AND(E3>=J3,E3<=K3),1,0) -> 1 | AX3: =IF(AND(F3>=N3,F3<=O3),1,0) -> 1
A4: =Oranlar!A4 -> 46085 | B4: =Oranlar!C4&" @ "&Oranlar!D4 -> POR @ MEM | C4: =Oranlar!F4 -> 114 | D4: =Oranlar!E4 -> 122 | E4: =C4-D4 -> -8 | F4: =C4+D4 -> 236 | G4: 0.485 | H4: -0.28 | I4: -1 | J4: -19 | K4: 18 | L4: 234.37 | M4: 235.9 | N4: 208 | O4: 263 | P4: 116.94 | Q4: 119.05 | R4: =Oranlar!Y4 -> 0.2340979 | S4: =-Oranlar!O4 -> -9.5 | T4: =-Oranlar!I4 -> -7.5 | U4: =Oranlar!V4 -> 231.5 | V4: =Oranlar!L4 -> 236.5 | W4: =(U4+S4)/2 -> 111 | X4: =(U4-S4)/2 -> 120.5 | Y4: =IF(G4=0.5,"",IF((G4>0.5)=(E4>0),1,0)) -> 1 | Z4: =IF(R4=0.5,"",IF((R4>0.5)=(E4>0),1,0)) -> 1 | AA4: =(G4-IF(E4>0,1,0))^2 -> 0.235225 | AB4: =(R4-IF(E4>0,1,0))^2 -> 0.054801825 | AC4: =ABS(H4-E4) -> 7.72 | AD4: =ABS(I4-E4) -> 7 | AE4: =ABS(S4-E4) -> 1.5 | AF4: =ABS(L4-F4) -> 1.63 | AG4: =ABS(M4-F4) -> 0.1 | AH4: =ABS(U4-F4) -> 4.5 | AI4: =ABS(P4-C4) -> 2.94 | AJ4: =ABS(W4-C4) -> 3 | AK4: =ABS(Q4-D4) -> 2.95 | AL4: =ABS(X4-D4) -> 1.5 | AM4: =IF(H4>S4,"Ev",IF(H4<S4,"Dep","")) -> Ev | AN4: =IF(AM4="","",IF(E4=S4,"Push",IF((E4>S4)=(AM4="Ev"),"Kazandı","Kaybetti"))) -> Kazandı | AO4: =IF(AM4="","",IF(AN4="Push",0,IF(AN4="Kazandı",IF(AM4="Ev",Oranlar!P4,Oranlar!Q4)-1,-1))) -> 0.92592593 | AP4: =IF(L4>U4,"Üst",IF(L4<U4,"Alt","")) -> Üst | AQ4: =IF(AP4="","",IF(F4=U4,"Push",IF((F4>U4)=(AP4="Üst"),"Kazandı","Kaybetti"))) -> Kazandı | AR4: =IF(AP4="","",IF(AQ4="Push",0,IF(AQ4="Kazandı",IF(AP4="Üst",Oranlar!W4,Oranlar!X4)-1,-1))) -> 0.92592593 | AS4: =IF(G4*Oranlar!R4>1,"Ev",IF((1-G4)*Oranlar!S4>1,"Dep","")) -> Ev | AT4: =IF(AS4="","",IF((AS4="Ev")=(E4>0),IF(AS4="Ev",Oranlar!R4,Oranlar!S4)-1,-1)) -> -1 | AU4: =IF(OR(H4=T4,S4=T4),"",IF((H4>T4)=(S4>T4),1,0)) -> 0 | AV4: =IF(OR(L4=V4,U4=V4),"",IF((L4>V4)=(U4>V4),1,0)) -> 1 | AW4: =IF(AND(E4>=J4,E4<=K4),1,0) -> 1 | AX4: =IF(AND(F4>=N4,F4<=O4),1,0) -> 1
A5: =Oranlar!A5 -> 46085 | B5: =Oranlar!C5&" @ "&Oranlar!D5 -> ATL @ MIL | C5: =Oranlar!F5 -> 113 | D5: =Oranlar!E5 -> 131 | E5: =C5-D5 -> -18 | F5: =C5+D5 -> 244 | G5: 0.426 | H5: -8.24 | I5: 4.7 | J5: -14 | K5: 23 | L5: 232.07 | M5: 229.9 | N5: 203 | O5: 257 | P5: 117.32 | Q5: 118.18 | R5: =Oranlar!Y5 -> 0.51083424 | S5: =-Oranlar!O5 -> 1.5 | T5: =-Oranlar!I5 -> 1.5 | U5: =Oranlar!V5 -> 232.5 | V5: =Oranlar!L5 -> 230.5 | W5: =(U5+S5)/2 -> 117 | X5: =(U5-S5)/2 -> 115.5 | Y5: =IF(G5=0.5,"",IF((G5>0.5)=(E5>0),1,0)) -> 1 | Z5: =IF(R5=0.5,"",IF((R5>0.5)=(E5>0),1,0)) -> 0 | AA5: =(G5-IF(E5>0,1,0))^2 -> 0.181476 | AB5: =(R5-IF(E5>0,1,0))^2 -> 0.26095162 | AC5: =ABS(H5-E5) -> 9.76 | AD5: =ABS(I5-E5) -> 22.7 | AE5: =ABS(S5-E5) -> 19.5 | AF5: =ABS(L5-F5) -> 11.93 | AG5: =ABS(M5-F5) -> 14.1 | AH5: =ABS(U5-F5) -> 11.5 | AI5: =ABS(P5-C5) -> 4.32 | AJ5: =ABS(W5-C5) -> 4 | AK5: =ABS(Q5-D5) -> 12.82 | AL5: =ABS(X5-D5) -> 15.5 | AM5: =IF(H5>S5,"Ev",IF(H5<S5,"Dep","")) -> Dep | AN5: =IF(AM5="","",IF(E5=S5,"Push",IF((E5>S5)=(AM5="Ev"),"Kazandı","Kaybetti"))) -> Kazandı | AO5: =IF(AM5="","",IF(AN5="Push",0,IF(AN5="Kazandı",IF(AM5="Ev",Oranlar!P5,Oranlar!Q5)-1,-1))) -> 0.84745763 | AP5: =IF(L5>U5,"Üst",IF(L5<U5,"Alt","")) -> Alt | AQ5: =IF(AP5="","",IF(F5=U5,"Push",IF((F5>U5)=(AP5="Üst"),"Kazandı","Kaybetti"))) -> Kaybetti | AR5: =IF(AP5="","",IF(AQ5="Push",0,IF(AQ5="Kazandı",IF(AP5="Üst",Oranlar!W5,Oranlar!X5)-1,-1))) -> -1 | AS5: =IF(G5*Oranlar!R5>1,"Ev",IF((1-G5)*Oranlar!S5>1,"Dep","")) -> Dep | AT5: =IF(AS5="","",IF((AS5="Ev")=(E5>0),IF(AS5="Ev",Oranlar!R5,Oranlar!S5)-1,-1)) -> 0.95238095 | AU5: =IF(OR(H5=T5,S5=T5),"",IF((H5>T5)=(S5>T5),1,0)) | AV5: =IF(OR(L5=V5,U5=V5),"",IF((L5>V5)=(U5>V5),1,0)) -> 1 | AW5: =IF(AND(E5>=J5,E5<=K5),1,0) -> 0 | AX5: =IF(AND(F5>=N5,F5<=O5),1,0) -> 1
A6: =Oranlar!A6 -> 46085 | B6: =Oranlar!C6&" @ "&Oranlar!D6 -> IND @ LAC | C6: =Oranlar!F6 -> 130 | D6: =Oranlar!E6 -> 107 | E6: =C6-D6 -> 23 | F6: =C6+D6 -> 237 | G6: 0.749 | H6: 17.12 | I6: 7.8 | J6: -10 | K6: 26 | L6: 225.8 | M6: 227.4 | N6: 200 | O6: 254 | P6: 120.09 | Q6: 109.24 | R6: =Oranlar!Y6 -> 0.83164983 | S6: =-Oranlar!O6 -> 11.5 | T6: =-Oranlar!I6 -> 12.5 | U6: =Oranlar!V6 -> 230.5 | V6: =Oranlar!L6 -> 224.5 | W6: =(U6+S6)/2 -> 121 | X6: =(U6-S6)/2 -> 109.5 | Y6: =IF(G6=0.5,"",IF((G6>0.5)=(E6>0),1,0)) -> 1 | Z6: =IF(R6=0.5,"",IF((R6>0.5)=(E6>0),1,0)) -> 1 | AA6: =(G6-IF(E6>0,1,0))^2 -> 0.063001 | AB6: =(R6-IF(E6>0,1,0))^2 -> 0.028341779 | AC6: =ABS(H6-E6) -> 5.88 | AD6: =ABS(I6-E6) -> 15.2 | AE6: =ABS(S6-E6) -> 11.5 | AF6: =ABS(L6-F6) -> 11.2 | AG6: =ABS(M6-F6) -> 9.6 | AH6: =ABS(U6-F6) -> 6.5 | AI6: =ABS(P6-C6) -> 9.91 | AJ6: =ABS(W6-C6) -> 9 | AK6: =ABS(Q6-D6) -> 2.24 | AL6: =ABS(X6-D6) -> 2.5 | AM6: =IF(H6>S6,"Ev",IF(H6<S6,"Dep","")) -> Ev | AN6: =IF(AM6="","",IF(E6=S6,"Push",IF((E6>S6)=(AM6="Ev"),"Kazandı","Kaybetti"))) -> Kazandı | AO6: =IF(AM6="","",IF(AN6="Push",0,IF(AN6="Kazandı",IF(AM6="Ev",Oranlar!P6,Oranlar!Q6)-1,-1))) -> 0.90909091 | AP6: =IF(L6>U6,"Üst",IF(L6<U6,"Alt","")) -> Alt | AQ6: =IF(AP6="","",IF(F6=U6,"Push",IF((F6>U6)=(AP6="Üst"),"Kazandı","Kaybetti"))) -> Kaybetti | AR6: =IF(AP6="","",IF(AQ6="Push",0,IF(AQ6="Kazandı",IF(AP6="Üst",Oranlar!W6,Oranlar!X6)-1,-1))) -> -1 | AS6: =IF(G6*Oranlar!R6>1,"Ev",IF((1-G6)*Oranlar!S6>1,"Dep","")) -> Dep | AT6: =IF(AS6="","",IF((AS6="Ev")=(E6>0),IF(AS6="Ev",Oranlar!R6,Oranlar!S6)-1,-1)) -> -1 | AU6: =IF(OR(H6=T6,S6=T6),"",IF((H6>T6)=(S6>T6),1,0)) -> 0 | AV6: =IF(OR(L6=V6,U6=V6),"",IF((L6>V6)=(U6>V6),1,0)) -> 1 | AW6: =IF(AND(E6>=J6,E6<=K6),1,0) -> 1 | AX6: =IF(AND(F6>=N6,F6<=O6),1,0) -> 1
A7: =Oranlar!A7 -> 46086 | B7: =Oranlar!C7&" @ "&Oranlar!D7 -> DAL @ ORL | C7: =Oranlar!F7 -> 115 | D7: =Oranlar!E7 -> 114 | E7: =C7-D7 -> 1 | F7: =C7+D7 -> 229 | G7: 0.665 | H7: 4.32 | I7: 5.7 | J7: -12 | K7: 24 | L7: 226.13 | M7: 228.9 | N7: 202 | O7: 256 | P7: 116.84 | Q7: 110.89 | R7: =Oranlar!Y7 -> 0.73354232 | S7: =-Oranlar!O7 -> 7.5 | T7: =-Oranlar!I7 -> 8.5 | U7: =Oranlar!V7 -> 230.5 | V7: =Oranlar!L7 -> 227.5 | W7: =(U7+S7)/2 -> 119 | X7: =(U7-S7)/2 -> 111.5 | Y7: =IF(G7=0.5,"",IF((G7>0.5)=(E7>0),1,0)) -> 1 | Z7: =IF(R7=0.5,"",IF((R7>0.5)=(E7>0),1,0)) -> 1 | AA7: =(G7-IF(E7>0,1,0))^2 -> 0.112225 | AB7: =(R7-IF(E7>0,1,0))^2 -> 0.070999695 | AC7: =ABS(H7-E7) -> 3.32 | AD7: =ABS(I7-E7) -> 4.7 | AE7: =ABS(S7-E7) -> 6.5 | AF7: =ABS(L7-F7) -> 2.87 | AG7: =ABS(M7-F7) -> 0.1 | AH7: =ABS(U7-F7) -> 1.5 | AI7: =ABS(P7-C7) -> 1.84 | AJ7: =ABS(W7-C7) -> 4 | AK7: =ABS(Q7-D7) -> 3.11 | AL7: =ABS(X7-D7) -> 2.5 | AM7: =IF(H7>S7,"Ev",IF(H7<S7,"Dep","")) -> Dep | AN7: =IF(AM7="","",IF(E7=S7,"Push",IF((E7>S7)=(AM7="Ev"),"Kazandı","Kaybetti"))) -> Kazandı | AO7: =IF(AM7="","",IF(AN7="Push",0,IF(AN7="Kazandı",IF(AM7="Ev",Oranlar!P7,Oranlar!Q7)-1,-1))) -> 1 | AP7: =IF(L7>U7,"Üst",IF(L7<U7,"Alt","")) -> Alt | AQ7: =IF(AP7="","",IF(F7=U7,"Push",IF((F7>U7)=(AP7="Üst"),"Kazandı","Kaybetti"))) -> Kazandı | AR7: =IF(AP7="","",IF(AQ7="Push",0,IF(AQ7="Kazandı",IF(AP7="Üst",Oranlar!W7,Oranlar!X7)-1,-1))) -> 0.89285714 | AS7: =IF(G7*Oranlar!R7>1,"Ev",IF((1-G7)*Oranlar!S7>1,"Dep","")) -> Dep | AT7: =IF(AS7="","",IF((AS7="Ev")=(E7>0),IF(AS7="Ev",Oranlar!R7,Oranlar!S7)-1,-1)) -> -1 | AU7: =IF(OR(H7=T7,S7=T7),"",IF((H7>T7)=(S7>T7),1,0)) -> 1 | AV7: =IF(OR(L7=V7,U7=V7),"",IF((L7>V7)=(U7>V7),1,0)) -> 0 | AW7: =IF(AND(E7>=J7,E7<=K7),1,0) -> 1 | AX7: =IF(AND(F7>=N7,F7<=O7),1,0) -> 1
A8: =Oranlar!A8 -> 46086 | B8: =Oranlar!C8&" @ "&Oranlar!D8 -> UTA @ WAS | C8: =Oranlar!F8 -> 112 | D8: =Oranlar!E8 -> 122 | E8: =C8-D8 -> -10 | F8: =C8+D8 -> 234 | G8: 0.447 | H8: -0.7 | I8: 0.9 | J8: -18 | K8: 20 | L8: 237.17 | M8: 235.6 | N8: 208 | O8: 263 | P8: 117.12 | Q8: 119.96 | R8: =Oranlar!Y8 -> 0.59963877 | S8: =-Oranlar!O8 -> 3.5 | T8: =-Oranlar!I8 -> 2.5 | U8: =Oranlar!V8 -> 240.5 | V8: =Oranlar!L8 -> 242.5 | W8: =(U8+S8)/2 -> 122 | X8: =(U8-S8)/2 -> 118.5 | Y8: =IF(G8=0.5,"",IF((G8>0.5)=(E8>0),1,0)) -> 1 | Z8: =IF(R8=0.5,"",IF((R8>0.5)=(E8>0),1,0)) -> 0 | AA8: =(G8-IF(E8>0,1,0))^2 -> 0.199809 | AB8: =(R8-IF(E8>0,1,0))^2 -> 0.35956666 | AC8: =ABS(H8-E8) -> 9.3 | AD8: =ABS(I8-E8) -> 10.9 | AE8: =ABS(S8-E8) -> 13.5 | AF8: =ABS(L8-F8) -> 3.17 | AG8: =ABS(M8-F8) -> 1.6 | AH8: =ABS(U8-F8) -> 6.5 | AI8: =ABS(P8-C8) -> 5.12 | AJ8: =ABS(W8-C8) -> 10 | AK8: =ABS(Q8-D8) -> 2.04 | AL8: =ABS(X8-D8) -> 3.5 | AM8: =IF(H8>S8,"Ev",IF(H8<S8,"Dep","")) -> Dep | AN8: =IF(AM8="","",IF(E8=S8,"Push",IF((E8>S8)=(AM8="Ev"),"Kazandı","Kaybetti"))) -> Kazandı | AO8: =IF(AM8="","",IF(AN8="Push",0,IF(AN8="Kazandı",IF(AM8="Ev",Oranlar!P8,Oranlar!Q8)-1,-1))) -> 0.95238095 | AP8: =IF(L8>U8,"Üst",IF(L8<U8,"Alt","")) -> Alt | AQ8: =IF(AP8="","",IF(F8=U8,"Push",IF((F8>U8)=(AP8="Üst"),"Kazandı","Kaybetti"))) -> Kazandı | AR8: =IF(AP8="","",IF(AQ8="Push",0,IF(AQ8="Kazandı",IF(AP8="Üst",Oranlar!W8,Oranlar!X8)-1,-1))) -> 0.90909091 | AS8: =IF(G8*Oranlar!R8>1,"Ev",IF((1-G8)*Oranlar!S8>1,"Dep","")) -> Dep | AT8: =IF(AS8="","",IF((AS8="Ev")=(E8>0),IF(AS8="Ev",Oranlar!R8,Oranlar!S8)-1,-1)) -> 1.4 | AU8: =IF(OR(H8=T8,S8=T8),"",IF((H8>T8)=(S8>T8),1,0)) -> 0 | AV8: =IF(OR(L8=V8,U8=V8),"",IF((L8>V8)=(U8>V8),1,0)) -> 1 | AW8: =IF(AND(E8>=J8,E8<=K8),1,0) -> 1 | AX8: =IF(AND(F8>=N8,F8<=O8),1,0) -> 1
A9: =Oranlar!A9 -> 46086 | B9: =Oranlar!C9&" @ "&Oranlar!D9 -> BKN @ MIA | C9: =Oranlar!F9 -> 126 | D9: =Oranlar!E9 -> 110 | E9: =C9-D9 -> 16 | F9: =C9+D9 -> 236 | G9: 0.795 | H9: 8.86 | I9: 13.8 | J9: -4 | K9: 32 | L9: 222.29 | M9: 224.9 | N9: 198 | O9: 252 | P9: 119.05 | Q9: 104.52 | R9: =Oranlar!Y9 -> 0.85245902 | S9: =-Oranlar!O9 -> 12.5 | T9: =-Oranlar!I9 -> 13.5 | U9: =Oranlar!V9 -> 225.5 | V9: =Oranlar!L9 -> 225.5 | W9: =(U9+S9)/2 -> 119 | X9: =(U9-S9)/2 -> 106.5 | Y9: =IF(G9=0.5,"",IF((G9>0.5)=(E9>0),1,0)) -> 1 | Z9: =IF(R9=0.5,"",IF((R9>0.5)=(E9>0),1,0)) -> 1 | AA9: =(G9-IF(E9>0,1,0))^2 -> 0.042025 | AB9: =(R9-IF(E9>0,1,0))^2 -> 0.021768342 | AC9: =ABS(H9-E9) -> 7.14 | AD9: =ABS(I9-E9) -> 2.2 | AE9: =ABS(S9-E9) -> 3.5 | AF9: =ABS(L9-F9) -> 13.71 | AG9: =ABS(M9-F9) -> 11.1 | AH9: =ABS(U9-F9) -> 10.5 | AI9: =ABS(P9-C9) -> 6.95 | AJ9: =ABS(W9-C9) -> 7 | AK9: =ABS(Q9-D9) -> 5.48 | AL9: =ABS(X9-D9) -> 3.5 | AM9: =IF(H9>S9,"Ev",IF(H9<S9,"Dep","")) -> Dep | AN9: =IF(AM9="","",IF(E9=S9,"Push",IF((E9>S9)=(AM9="Ev"),"Kazandı","Kaybetti"))) -> Kaybetti | AO9: =IF(AM9="","",IF(AN9="Push",0,IF(AN9="Kazandı",IF(AM9="Ev",Oranlar!P9,Oranlar!Q9)-1,-1))) -> -1 | AP9: =IF(L9>U9,"Üst",IF(L9<U9,"Alt","")) -> Alt | AQ9: =IF(AP9="","",IF(F9=U9,"Push",IF((F9>U9)=(AP9="Üst"),"Kazandı","Kaybetti"))) -> Kaybetti | AR9: =IF(AP9="","",IF(AQ9="Push",0,IF(AQ9="Kazandı",IF(AP9="Üst",Oranlar!W9,Oranlar!X9)-1,-1))) -> -1 | AS9: =IF(G9*Oranlar!R9>1,"Ev",IF((1-G9)*Oranlar!S9>1,"Dep","")) -> Dep | AT9: =IF(AS9="","",IF((AS9="Ev")=(E9>0),IF(AS9="Ev",Oranlar!R9,Oranlar!S9)-1,-1)) -> -1 | AU9: =IF(OR(H9=T9,S9=T9),"",IF((H9>T9)=(S9>T9),1,0)) -> 1 | AV9: =IF(OR(L9=V9,U9=V9),"",IF((L9>V9)=(U9>V9),1,0)) | AW9: =IF(AND(E9>=J9,E9<=K9),1,0) -> 1 | AX9: =IF(AND(F9>=N9,F9<=O9),1,0) -> 1
A10: =Oranlar!A10 -> 46086 | B10: =Oranlar!C10&" @ "&Oranlar!D10 -> GSW @ HOU | C10: =Oranlar!F10 -> 113 | D10: =Oranlar!E10 -> 115 | E10: =C10-D10 -> -2 | F10: =C10+D10 -> 228 | G10: 0.722 | H10: 5.74 | I10: 6.7 | J10: -11 | K10: 25 | L10: 227.73 | M10: 225.4 | N10: 198 | O10: 252 | P10: 115.5 | Q10: 108.43 | R10: =Oranlar!Y10 -> 0.7659021 | S10: =-Oranlar!O10 -> 9.5 | T10: =-Oranlar!I10 -> 8.5 | U10: =Oranlar!V10 -> 214.5 | V10: =Oranlar!L10 -> 214.5 | W10: =(U10+S10)/2 -> 112 | X10: =(U10-S10)/2 -> 102.5 | Y10: =IF(G10=0.5,"",IF((G10>0.5)=(E10>0),1,0)) -> 0 | Z10: =IF(R10=0.5,"",IF((R10>0.5)=(E10>0),1,0)) -> 0 | AA10: =(G10-IF(E10>0,1,0))^2 -> 0.521284 | AB10: =(R10-IF(E10>0,1,0))^2 -> 0.58660603 | AC10: =ABS(H10-E10) -> 7.74 | AD10: =ABS(I10-E10) -> 8.7 | AE10: =ABS(S10-E10) -> 11.5 | AF10: =ABS(L10-F10) -> 0.27 | AG10: =ABS(M10-F10) -> 2.6 | AH10: =ABS(U10-F10) -> 13.5 | AI10: =ABS(P10-C10) -> 2.5 | AJ10: =ABS(W10-C10) -> 1 | AK10: =ABS(Q10-D10) -> 6.57 | AL10: =ABS(X10-D10) -> 12.5 | AM10: =IF(H10>S10,"Ev",IF(H10<S10,"Dep","")) -> Dep | AN10: =IF(AM10="","",IF(E10=S10,"Push",IF((E10>S10)=(AM10="Ev"),"Kazandı","Kaybetti"))) -> Kazandı | AO10: =IF(AM10="","",IF(AN10="Push",0,IF(AN10="Kazandı",IF(AM10="Ev",Oranlar!P10,Oranlar!Q10)-1,-1))) -> 0.92592593 | AP10: =IF(L10>U10,"Üst",IF(L10<U10,"Alt","")) -> Üst | AQ10: =IF(AP10="","",IF(F10=U10,"Push",IF((F10>U10)=(AP10="Üst"),"Kazandı","Kaybetti"))) -> Kazandı | AR10: =IF(AP10="","",IF(AQ10="Push",0,IF(AQ10="Kazandı",IF(AP10="Üst",Oranlar!W10,Oranlar!X10)-1,-1))) -> 0.90909091 | AS10: =IF(G10*Oranlar!R10>1,"Ev",IF((1-G10)*Oranlar!S10>1,"Dep","")) -> Dep | AT10: =IF(AS10="","",IF((AS10="Ev")=(E10>0),IF(AS10="Ev",Oranlar!R10,Oranlar!S10)-1,-1)) -> 3.1 | AU10: =IF(OR(H10=T10,S10=T10),"",IF((H10>T10)=(S10>T10),1,0)) -> 0 | AV10: =IF(OR(L10=V10,U10=V10),"",IF((L10>V10)=(U10>V10),1,0)) | AW10: =IF(AND(E10>=J10,E10<=K10),1,0) -> 1 | AX10: =IF(AND(F10>=N10,F10<=O10),1,0) -> 1
A11: =Oranlar!A11 -> 46086 | B11: =Oranlar!C11&" @ "&Oranlar!D11 -> TOR @ MIN | C11: =Oranlar!F11 -> 115 | D11: =Oranlar!E11 -> 107 | E11: =C11-D11 -> 8 | F11: =C11+D11 -> 222 | G11: 0.742 | H11: 14.06 | I11: 6.5 | J11: -12 | K11: 25 | L11: 224.72 | M11: 227.9 | N11: 201 | O11: 255 | P11: 116.91 | Q11: 107.4 | R11: =Oranlar!Y11 -> 0.65747523 | S11: =-Oranlar!O11 -> 4.5 | T11: =-Oranlar!I11 -> 6.5 | U11: =Oranlar!V11 -> 226.5 | V11: =Oranlar!L11 -> 228.5 | W11: =(U11+S11)/2 -> 115.5 | X11: =(U11-S11)/2 -> 111 | Y11: =IF(G11=0.5,"",IF((G11>0.5)=(E11>0),1,0)) -> 1 | Z11: =IF(R11=0.5,"",IF((R11>0.5)=(E11>0),1,0)) -> 1 | AA11: =(G11-IF(E11>0,1,0))^2 -> 0.066564 | AB11: =(R11-IF(E11>0,1,0))^2 -> 0.11732322 | AC11: =ABS(H11-E11) -> 6.06 | AD11: =ABS(I11-E11) -> 1.5 | AE11: =ABS(S11-E11) -> 3.5 | AF11: =ABS(L11-F11) -> 2.72 | AG11: =ABS(M11-F11) -> 5.9 | AH11: =ABS(U11-F11) -> 4.5 | AI11: =ABS(P11-C11) -> 1.91 | AJ11: =ABS(W11-C11) -> 0.5 | AK11: =ABS(Q11-D11) -> 0.4 | AL11: =ABS(X11-D11) -> 4 | AM11: =IF(H11>S11,"Ev",IF(H11<S11,"Dep","")) -> Ev | AN11: =IF(AM11="","",IF(E11=S11,"Push",IF((E11>S11)=(AM11="Ev"),"Kazandı","Kaybetti"))) -> Kazandı | AO11: =IF(AM11="","",IF(AN11="Push",0,IF(AN11="Kazandı",IF(AM11="Ev",Oranlar!P11,Oranlar!Q11)-1,-1))) -> 0.84745763 | AP11: =IF(L11>U11,"Üst",IF(L11<U11,"Alt","")) -> Alt | AQ11: =IF(AP11="","",IF(F11=U11,"Push",IF((F11>U11)=(AP11="Üst"),"Kazandı","Kaybetti"))) -> Kazandı | AR11: =IF(AP11="","",IF(AQ11="Push",0,IF(AQ11="Kazandı",IF(AP11="Üst",Oranlar!W11,Oranlar!X11)-1,-1))) -> 0.89285714 | AS11: =IF(G11*Oranlar!R11>1,"Ev",IF((1-G11)*Oranlar!S11>1,"Dep","")) -> Ev | AT11: =IF(AS11="","",IF((AS11="Ev")=(E11>0),IF(AS11="Ev",Oranlar!R11,Oranlar!S11)-1,-1)) -> 0.4587156 | AU11: =IF(OR(H11=T11,S11=T11),"",IF((H11>T11)=(S11>T11),1,0)) -> 0 | AV11: =IF(OR(L11=V11,U11=V11),"",IF((L11>V11)=(U11>V11),1,0)) -> 1 | AW11: =IF(AND(E11>=J11,E11<=K11),1,0) -> 1 | AX11: =IF(AND(F11>=N11,F11<=O11),1,0) -> 1
A12: =Oranlar!A12 -> 46086 | B12: =Oranlar!C12&" @ "&Oranlar!D12 -> DET @ SAS | C12: =Oranlar!F12 -> 121 | D12: =Oranlar!E12 -> 106 | E12: =C12-D12 -> 15 | F12: =C12+D12 -> 227 | G12: 0.675 | H12: 4.76 | I12: 5.6 | J12: -13 | K12: 24 | L12: 225.33 | M12: 228.4 | N12: 201 | O12: 256 | P12: 115.21 | Q12: 111.57 | R12: =Oranlar!Y12 -> 0.57205964 | S12: =-Oranlar!O12 -> 2.5 | T12: =-Oranlar!I12 -> 2.5 | U12: =Oranlar!V12 -> 227.5 | V12: =Oranlar!L12 -> 227.5 | W12: =(U12+S12)/2 -> 115 | X12: =(U12-S12)/2 -> 112.5 | Y12: =IF(G12=0.5,"",IF((G12>0.5)=(E12>0),1,0)) -> 1 | Z12: =IF(R12=0.5,"",IF((R12>0.5)=(E12>0),1,0)) -> 1 | AA12: =(G12-IF(E12>0,1,0))^2 -> 0.105625 | AB12: =(R12-IF(E12>0,1,0))^2 -> 0.18313296 | AC12: =ABS(H12-E12) -> 10.24 | AD12: =ABS(I12-E12) -> 9.4 | AE12: =ABS(S12-E12) -> 12.5 | AF12: =ABS(L12-F12) -> 1.67 | AG12: =ABS(M12-F12) -> 1.4 | AH12: =ABS(U12-F12) -> 0.5 | AI12: =ABS(P12-C12) -> 5.79 | AJ12: =ABS(W12-C12) -> 6 | AK12: =ABS(Q12-D12) -> 5.57 | AL12: =ABS(X12-D12) -> 6.5 | AM12: =IF(H12>S12,"Ev",IF(H12<S12,"Dep","")) -> Ev | AN12: =IF(AM12="","",IF(E12=S12,"Push",IF((E12>S12)=(AM12="Ev"),"Kazandı","Kaybetti"))) -> Kazandı | AO12: =IF(AM12="","",IF(AN12="Push",0,IF(AN12="Kazandı",IF(AM12="Ev",Oranlar!P12,Oranlar!Q12)-1,-1))) -> 0.86956522 | AP12: =IF(L12>U12,"Üst",IF(L12<U12,"Alt","")) -> Alt | AQ12: =IF(AP12="","",IF(F12=U12,"Push",IF((F12>U12)=(AP12="Üst"),"Kazandı","Kaybetti"))) -> Kazandı | AR12: =IF(AP12="","",IF(AQ12="Push",0,IF(AQ12="Kazandı",IF(AP12="Üst",Oranlar!W12,Oranlar!X12)-1,-1))) -> 0.90909091 | AS12: =IF(G12*Oranlar!R12>1,"Ev",IF((1-G12)*Oranlar!S12>1,"Dep","")) -> Ev | AT12: =IF(AS12="","",IF((AS12="Ev")=(E12>0),IF(AS12="Ev",Oranlar!R12,Oranlar!S12)-1,-1)) -> 0.67567568 | AU12: =IF(OR(H12=T12,S12=T12),"",IF((H12>T12)=(S12>T12),1,0)) | AV12: =IF(OR(L12=V12,U12=V12),"",IF((L12>V12)=(U12>V12),1,0)) | AW12: =IF(AND(E12>=J12,E12<=K12),1,0) -> 1 | AX12: =IF(AND(F12>=N12,F12<=O12),1,0) -> 1
A13: =Oranlar!A13 -> 46086 | B13: =Oranlar!C13&" @ "&Oranlar!D13 -> CHI @ PHX | C13: =Oranlar!F13 -> 103 | D13: =Oranlar!E13 -> 105 | E13: =C13-D13 -> -2 | F13: =C13+D13 -> 208 | G13: 0.688 | H13: 5.93 | I13: 7.4 | J13: -11 | K13: 26 | L13: 222.77 | M13: 225.5 | N13: 198 | O13: 253 | P13: 115.67 | Q13: 106.87 | R13: =Oranlar!Y13 -> 0.82233503 | S13: =-Oranlar!O13 -> 10.5 | T13: =-Oranlar!I13 -> 10.5 | U13: =Oranlar!V13 -> 224.5 | V13: =Oranlar!L13 -> 225.5 | W13: =(U13+S13)/2 -> 117.5 | X13: =(U13-S13)/2 -> 107 | Y13: =IF(G13=0.5,"",IF((G13>0.5)=(E13>0),1,0)) -> 0 | Z13: =IF(R13=0.5,"",IF((R13>0.5)=(E13>0),1,0)) -> 0 | AA13: =(G13-IF(E13>0,1,0))^2 -> 0.473344 | AB13: =(R13-IF(E13>0,1,0))^2 -> 0.67623489 | AC13: =ABS(H13-E13) -> 7.93 | AD13: =ABS(I13-E13) -> 9.4 | AE13: =ABS(S13-E13) -> 12.5 | AF13: =ABS(L13-F13) -> 14.77 | AG13: =ABS(M13-F13) -> 17.5 | AH13: =ABS(U13-F13) -> 16.5 | AI13: =ABS(P13-C13) -> 12.67 | AJ13: =ABS(W13-C13) -> 14.5 | AK13: =ABS(Q13-D13) -> 1.87 | AL13: =ABS(X13-D13) -> 2 | AM13: =IF(H13>S13,"Ev",IF(H13<S13,"Dep","")) -> Dep | AN13: =IF(AM13="","",IF(E13=S13,"Push",IF((E13>S13)=(AM13="Ev"),"Kazandı","Kaybetti"))) -> Kazandı | AO13: =IF(AM13="","",IF(AN13="Push",0,IF(AN13="Kazandı",IF(AM13="Ev",Oranlar!P13,Oranlar!Q13)-1,-1))) -> 0.98039216 | AP13: =IF(L13>U13,"Üst",IF(L13<U13,"Alt","")) -> Alt | AQ13: =IF(AP13="","",IF(F13=U13,"Push",IF((F13>U13)=(AP13="Üst"),"Kazandı","Kaybetti"))) -> Kazandı | AR13: =IF(AP13="","",IF(AQ13="Push",0,IF(AQ13="Kazandı",IF(AP13="Üst",Oranlar!W13,Oranlar!X13)-1,-1))) -> 0.95238095 | AS13: =IF(G13*Oranlar!R13>1,"Ev",IF((1-G13)*Oranlar!S13>1,"Dep","")) -> Dep | AT13: =IF(AS13="","",IF((AS13="Ev")=(E13>0),IF(AS13="Ev",Oranlar!R13,Oranlar!S13)-1,-1)) -> 4.4 | AU13: =IF(OR(H13=T13,S13=T13),"",IF((H13>T13)=(S13>T13),1,0)) | AV13: =IF(OR(L13=V13,U13=V13),"",IF((L13>V13)=(U13>V13),1,0)) -> 1 | AW13: =IF(AND(E13>=J13,E13<=K13),1,0) -> 1 | AX13: =IF(AND(F13>=N13,F13<=O13),1,0) -> 1
A14: =Oranlar!A14 -> 46086 | B14: =Oranlar!C14&" @ "&Oranlar!D14 -> LAL @ DEN | C14: =Oranlar!F14 -> 120 | D14: =Oranlar!E14 -> 113 | E14: =C14-D14 -> 7 | F14: =C14+D14 -> 233 | G14: 0.561 | H14: 1.55 | I14: 3.3 | J14: -15 | K14: 22 | L14: 233.69 | M14: 229.3 | N14: 202 | O14: 257 | P14: 117.26 | Q14: 115.81 | R14: =Oranlar!Y14 -> 0.60375697 | S14: =-Oranlar!O14 -> 3.5 | T14: =-Oranlar!I14 -> 4.5 | U14: =Oranlar!V14 -> 240.5 | V14: =Oranlar!L14 -> 238.5 | W14: =(U14+S14)/2 -> 122 | X14: =(U14-S14)/2 -> 118.5 | Y14: =IF(G14=0.5,"",IF((G14>0.5)=(E14>0),1,0)) -> 1 | Z14: =IF(R14=0.5,"",IF((R14>0.5)=(E14>0),1,0)) -> 1 | AA14: =(G14-IF(E14>0,1,0))^2 -> 0.192721 | AB14: =(R14-IF(E14>0,1,0))^2 -> 0.15700854 | AC14: =ABS(H14-E14) -> 5.45 | AD14: =ABS(I14-E14) -> 3.7 | AE14: =ABS(S14-E14) -> 3.5 | AF14: =ABS(L14-F14) -> 0.69 | AG14: =ABS(M14-F14) -> 3.7 | AH14: =ABS(U14-F14) -> 7.5 | AI14: =ABS(P14-C14) -> 2.74 | AJ14: =ABS(W14-C14) -> 2 | AK14: =ABS(Q14-D14) -> 2.81 | AL14: =ABS(X14-D14) -> 5.5 | AM14: =IF(H14>S14,"Ev",IF(H14<S14,"Dep","")) -> Dep | AN14: =IF(AM14="","",IF(E14=S14,"Push",IF((E14>S14)=(AM14="Ev"),"Kazandı","Kaybetti"))) -> Kaybetti | AO14: =IF(AM14="","",IF(AN14="Push",0,IF(AN14="Kazandı",IF(AM14="Ev",Oranlar!P14,Oranlar!Q14)-1,-1))) -> -1 | AP14: =IF(L14>U14,"Üst",IF(L14<U14,"Alt","")) -> Alt | AQ14: =IF(AP14="","",IF(F14=U14,"Push",IF((F14>U14)=(AP14="Üst"),"Kazandı","Kaybetti"))) -> Kazandı | AR14: =IF(AP14="","",IF(AQ14="Push",0,IF(AQ14="Kazandı",IF(AP14="Üst",Oranlar!W14,Oranlar!X14)-1,-1))) -> 0.89285714 | AS14: =IF(G14*Oranlar!R14>1,"Ev",IF((1-G14)*Oranlar!S14>1,"Dep","")) -> Dep | AT14: =IF(AS14="","",IF((AS14="Ev")=(E14>0),IF(AS14="Ev",Oranlar!R14,Oranlar!S14)-1,-1)) -> -1 | AU14: =IF(OR(H14=T14,S14=T14),"",IF((H14>T14)=(S14>T14),1,0)) -> 1 | AV14: =IF(OR(L14=V14,U14=V14),"",IF((L14>V14)=(U14>V14),1,0)) -> 0 | AW14: =IF(AND(E14>=J14,E14<=K14),1,0) -> 1 | AX14: =IF(AND(F14>=N14,F14<=O14),1,0) -> 1
... A310: =Oranlar!A310 -> 46124 | B310: =Oranlar!C310&" @ "&Oranlar!D310 -> SAC @ POR | C310: =Oranlar!F310 -> 122 | D310: =Oranlar!E310 -> 110 | E310: =C310-D310 -> 12 | F310: =C310+D310 -> 232 | G310: 0.757 | H310: 13.76 | I310: 10 | J310: -8 | K310: 29 | L310: 228.62 | M310: 227.8 | N310: 201 | O310: 255 | P310: 119.3 | Q310: 108.59 | R310: =Oranlar!Y310 -> 0.92581602 | S310: =-Oranlar!O310 -> 18.5 | T310: =-Oranlar!I310 -> 16.5 | U310: =Oranlar!V310 -> 226.5 | V310: =Oranlar!L310 -> 228.5 | W310: =(U310+S310)/2 -> 122.5 | X310: =(U310-S310)/2 -> 104 | Y310: =IF(G310=0.5,"",IF((G310>0.5)=(E310>0),1,0)) -> 1 | Z310: =IF(R310=0.5,"",IF((R310>0.5)=(E310>0),1,0)) -> 1 | AA310: =(G310-IF(E310>0,1,0))^2 -> 0.059049 | AB310: =(R310-IF(E310>0,1,0))^2 -> 0.0055032623 | AC310: =ABS(H310-E310) -> 1.76 | AD310: =ABS(I310-E310) -> 2 | AE310: =ABS(S310-E310) -> 6.5 | AF310: =ABS(L310-F310) -> 3.38 | AG310: =ABS(M310-F310) -> 4.2 | AH310: =ABS(U310-F310) -> 5.5 | AI310: =ABS(P310-C310) -> 2.7 | AJ310: =ABS(W310-C310) -> 0.5 | AK310: =ABS(Q310-D310) -> 1.41 | AL310: =ABS(X310-D310) -> 6 | AM310: =IF(H310>S310,"Ev",IF(H310<S310,"Dep","")) -> Dep | AN310: =IF(AM310="","",IF(E310=S310,"Push",IF((E310>S310)=(AM310="Ev"),"Kazandı","Kaybetti"))) -> Kazandı | AO310: =IF(AM310="","",IF(AN310="Push",0,IF(AN310="Kazandı",IF(AM310="Ev",Oranlar!P310,Oranlar!Q310)-1,-1))) -> 0.90909091 | AP310: =IF(L310>U310,"Üst",IF(L310<U310,"Alt","")) -> Üst | AQ310: =IF(AP310="","",IF(F310=U310,"Push",IF((F310>U310)=(AP310="Üst"),"Kazandı","Kaybetti"))) -> Kazandı | AR310: =IF(AP310="","",IF(AQ310="Push",0,IF(AQ310="Kazandı",IF(AP310="Üst",Oranlar!W310,Oranlar!X310)-1,-1))) -> 0.92592593 | AS310: =IF(G310*Oranlar!R310>1,"Ev",IF((1-G310)*Oranlar!S310>1,"Dep","")) -> Dep | AT310: =IF(AS310="","",IF((AS310="Ev")=(E310>0),IF(AS310="Ev",Oranlar!R310,Oranlar!S310)-1,-1)) -> -1 | AU310: =IF(OR(H310=T310,S310=T310),"",IF((H310>T310)=(S310>T310),1,0)) -> 0 | AV310: =IF(OR(L310=V310,U310=V310),"",IF((L310>V310)=(U310>V310),1,0)) -> 0 | AW310: =IF(AND(E310>=J310,E310<=K310),1,0) -> 1 | AX310: =IF(AND(F310>=N310,F310<=O310),1,0) -> 1

Sheet Model vs Piyasa özet
A1: Model ile piyasa (DraftKings) — 308 held-out maç
A2: Hata ölçülerinde düşük değer iyidir; 'Fark' eksi ise model piyasadan iyi. 95% aralıklar Python bootstrap'ından (5000 tekrar) gelir, formül değildir.
A4: Ölçü | B4: Model | C4: Piyasa (kapanış) | D4: Fark (model − piyasa) | F4: 95% aralık (fark) | G4: Ne anlama geliyor
A5: Kazananı bilme oranı | B5: =AVERAGE('Model vs Piyasa'!Y3:Y310) -> 0.78246753 | C5: =AVERAGE('Model vs Piyasa'!Z3:Z310) -> 0.77597403 | D5: =B5-C5 -> 0.0064935065 | F5: [-3.2, +4.5] puan | G5: Maçların yüzde kaçında olasılığı %50'nin üstünde verilen taraf kazandı.
A6: Brier skoru (olasılık hatası) | B6: =AVERAGE('Model vs Piyasa'!AA3:AA310) -> 0.16982413 | C6: =AVERAGE('Model vs Piyasa'!AB3:AB310) -> 0.15315323 | D6: =B6-C6 -> 0.0166709 | F6: [+0.0062, +0.0268] | G6: Olasılığın ne kadar isabetli olduğu; 0 mükemmel, 0.25 yazı-tura.
A7: Fark hatası — regresyon (sayı) | B7: =AVERAGE('Model vs Piyasa'!AC3:AC310) -> 10.618149 | C7: =AVERAGE('Model vs Piyasa'!AE3:AE310) -> 10.584416 | D7: =B7-C7 -> 0.033733766 | F7: [-0.5, +0.5] | G7: Tahmin edilen sayı farkının gerçekten ortalama kaç sayı saptığı.
A8: Fark hatası — simülasyon (sayı) | B8: =AVERAGE('Model vs Piyasa'!AD3:AD310) -> 11.445455 | C8: =AVERAGE('Model vs Piyasa'!AE3:AE310) -> 10.584416 | D8: =B8-C8 -> 0.86103896 | F8: [+0.4, +1.4] | G8: Aynı ölçü, simülasyonun ortalama farkıyla.
A9: Toplam sayı hatası — regresyon (sayı) | B9: =AVERAGE('Model vs Piyasa'!AF3:AF310) -> 15.199091 | C9: =AVERAGE('Model vs Piyasa'!AH3:AH310) -> 14.331169 | D9: =B9-C9 -> 0.86792208 | F9: [+0.3, +1.4] | G9: İki takımın toplam sayısı tahmininin ortalama sapması.
A10: Ev sahibi skoru hatası (sayı) | B10: =AVERAGE('Model vs Piyasa'!AI3:AI310) -> 9.7744481 | C10: =AVERAGE('Model vs Piyasa'!AJ3:AJ310) -> 8.974026 | D10: =B10-C10 -> 0.80042208 | G10: Piyasa skoru handikap ve toplamdan türetildi: (toplam ± fark) / 2.
A11: Deplasman skoru hatası (sayı) | B11: =AVERAGE('Model vs Piyasa'!AK3:AK310) -> 9.2731818 | C11: =AVERAGE('Model vs Piyasa'!AL3:AL310) -> 9.2175325 | D11: =B11-C11 -> 0.055649351
A14: Modelin çizgiye karşı seçimleri — 1 birim, DraftKings kapanış fiyatı
A15: Seçim | B15: Oynanan maç | C15: İsabet (push hariç) | D15: Toplam kâr (birim) | E15: Birim başı kâr | F15: 95% aralık (birim başı) | G15: Kural
A16: Handikap | B16: =COUNTIF('Model vs Piyasa'!AM3:AM310,"Ev")+COUNTIF('Model vs Piyasa'!AM3:AM310,"Dep") -> 308 | C16: =COUNTIF('Model vs Piyasa'!AN3:AN310,"Kazandı")/(COUNTIF('Model vs Piyasa'!AN3:AN310,"Kazandı")+COUNTIF('Model vs Piyasa'!AN3:AN310,"Kaybetti")) -> 0.57142857 | D16: =SUM('Model vs Piyasa'!AO3:AO310) -> 28.753543 | E16: =D16/B16 -> 0.093355658 | F16: [-0.008, +0.198] | G16: Model farkı çizgiden büyükse ev, küçükse deplasman.
A17: Alt/üst | B17: =COUNTIF('Model vs Piyasa'!AP3:AP310,"Üst")+COUNTIF('Model vs Piyasa'!AP3:AP310,"Alt") -> 308 | C17: =COUNTIF('Model vs Piyasa'!AQ3:AQ310,"Kazandı")/(COUNTIF('Model vs Piyasa'!AQ3:AQ310,"Kazandı")+COUNTIF('Model vs Piyasa'!AQ3:AQ310,"Kaybetti")) -> 0.50649351 | D17: =SUM('Model vs Piyasa'!AR3:AR310) -> -10.255581 | E17: =D17/B17 -> -0.033297341 | F17: [-0.139, +0.078] | G17: Model toplamı çizginin üstündeyse üst, altındaysa alt.
A18: Moneyline (değer) | B18: =COUNTIF('Model vs Piyasa'!AS3:AS310,"Ev")+COUNTIF('Model vs Piyasa'!AS3:AS310,"Dep") -> 284 | C18: =COUNTIF('Model vs Piyasa'!AT3:AT310,">0")/B18 -> 0.27464789 | D18: =SUM('Model vs Piyasa'!AT3:AT310) -> -58.153961 | E18: =D18/B18 -> -0.20476747 | F18: [-0.379, -0.017] | G18: Model olasılığı × oran > 1 olan taraf; yoksa oynanmaz.
A20: Diğer ölçüler
A21: Ölçü | B21: Oran | C21: Maç | F21: 95% aralık | G21: Ne anlama geliyor
A22: Handikap açılıştan kapanışa modelin yönüne kaydı | B22: =AVERAGE('Model vs Piyasa'!AU3:AU310) -> 0.58974359 | C22: =COUNT('Model vs Piyasa'!AU3:AU310) -> 234 | F22: [%52.4, %65.2] | G22: %50'nin anlamlı üstü, modelin piyasanın sonradan öğreneceği bilgiyi önceden taşıdığı demek.
A23: Toplam açılıştan kapanışa modelin yönüne kaydı | B23: =AVERAGE('Model vs Piyasa'!AV3:AV310) -> 0.55925926 | C23: =COUNT('Model vs Piyasa'!AV3:AV310) -> 270 | F23: [%50.0, %61.8]
A24: %80 simülasyon aralığı gerçek farkı kapsadı | B24: =AVERAGE('Model vs Piyasa'!AW3:AW310) -> 0.79545455 | C24: =COUNT('Model vs Piyasa'!AW3:AW310) -> 308 | F24: [%75.0, %84.1] | G24: %80'e yakınsa model belirsizliği doğru ölçüyor.
A25: %80 simülasyon aralığı gerçek toplamı kapsadı | B25: =AVERAGE('Model vs Piyasa'!AX3:AX310) -> 0.86688312 | C25: =COUNT('Model vs Piyasa'!AX3:AX310) -> 308 | F25: [%82.8, %90.3]
A27: Notlar
A28: Model sayıları, held-out 308 maça hiç bakmadan yeniden eğitilmiş modellerden gelir. Dashboard'daki üretim modelleri bu maçları erken durdurma (ağaç sayısı seçimi) için kullanmıştı ve onlarla ölçüm biraz iyimser çıkıyor: kazanan isabeti %78,5 yerine %78,2, fark hatası 10,51 yerine 10,62 sayı, toplam hatası 15,13 yerine 15,20 sayı. Bu yüzden buradaki model sayıları dashboard'dakinden birkaç ondalık farklı olabilir.
A29: Birden fazla seçim kuralı denendi (handikap, alt/üst, moneyline ve farklı eşikler). Bu kadar denemede aralığı sıfırı dışlayan bir sonuç şans eseri de çıkabilir. 308 maç sezonun son altı haftasıdır (dinlendirme dönemi); başka dönemlere genellenmeyebilir.
A30: Bu sayfa geçmişe dönük bir ölçümdür, bahis tavsiyesi değildir.
